eventName,description,effectType,cashChange,reputationChange,skipNextTurn,effectDescription,flavorText
地震,随机一边的房屋降一级,DowngradeProperty,0,0,false,随机一边的房屋降一级,一场突如其来的地震让城市元气大伤，房产价值也随之下跌。
黑帮火拼,所有玩家现金-100,CashLoss,-100,0,false,所有玩家现金-100,街头的枪声打破了城市的平静，混乱让每个人都付出了代价。
台风,所有玩家回到起点,Custom,0,0,false,所有玩家回到起点,台风席卷城市，原有的秩序被打乱，所有人被迫回到起点重新出发。

丑闻,财富最高的玩家声誉-10,ReputationLoss,0,-10,false,财富最高的玩家声誉-10,一则丑闻登上头条，站得越高的人，往往也越容易成为众矢之的。
公益晚会,所有玩家声誉+5,ReputationGain,0,5,false,所有玩家声誉+5,今晚的聚光灯属于那些愿意回馈城市的人，善意也会成为一种财富。
交通事故,随机玩家的下个回合会被跳过,SkipTurn,0,0,true,随机玩家的下个回合会被跳过,一场意外让交通陷入瘫痪，有人因此被迫停下脚步。
发现金矿,所有玩家现金增加+5%,CashGainPercent,5,0,false,所有玩家现金增加+5%,一场意外让大量财富流入城市，没有人知道这笔钱从哪里来，但所有人的钱包都鼓了起来。
邻城暴雷,所有玩家现金减少5%,CashLossPercent,-5,0,false,所有玩家现金减少5%,邻城最大的银行突然倒闭，恐慌沿着商路迅速传来，城市里的财富也跟着缩水。
